Neighbourhood,Borough
Melrose,Bronx
Mott Haven,Bronx
Port Morris,Bronx
Hunts Point,Bronx
Longwood,Bronx
Claremont,Bronx
Concourse Village,Bronx
Crotona Park,Bronx
Morrisania,Bronx
Concourse,Bronx
High Bridge,Bronx
Fordham,Bronx
Morris Heights,Bronx
Mount Hope,Bronx
Bathgate,Bronx
Belmont,Bronx
East Tremont,Bronx
West Farms,Bronx
Bedford Park,Bronx
Norwood,Bronx
University Heights,Bronx
Fieldston,Bronx
Kingsbridge,Bronx
Kingsbridge Heights,Bronx
Marble Hill,Bronx
Riverdale,Bronx
Spuyten Duyvil,Bronx
Van Cortlandt Village,Bronx
Bronx River,Bronx
Bruckner,Bronx
Castle Hill,Bronx
Clason Point,Bronx
Harding Park,Bronx
Parkchester,Bronx
Soundview,Bronx
Unionport,Bronx
City Island,Bronx
Co-op City,Bronx
Locust Point,Bronx
Pelham Bay,Bronx
Silver Beach,Bronx
Throgs Neck,Bronx
Westchester Square,Bronx
Allerton,Bronx
Bronxdale,Bronx
Laconia,Bronx
Morris Park,Bronx
Pelham Gardens,Bronx
Pelham Parkway,Bronx
Van Nest,Bronx
Baychester,Bronx
Edenwald,Bronx
Eastchester,Bronx
Fish Bay,Bronx
Olinville,Bronx
Wakefield,Bronx
Williamsbridge,Bronx
Woodlawn,Bronx
Greenpoint,Brooklyn
Williamsburg,Brooklyn
Boerum Hill,Brooklyn
Brooklyn Heights,Brooklyn
Brooklyn Navy Yard,Brooklyn
Clinton Hill,Brooklyn
DUMBO,Brooklyn
Fort Greene,Brooklyn
Fulton Ferry,Brooklyn
Fulton Mall,Brooklyn
Vinegar Hill,Brooklyn
Bedford-Stuyvesant,Brooklyn
Ocean Hill,Brooklyn
Stuyvesant Heights,Brooklyn
Bushwick,Brooklyn
City Line,Brooklyn
Cypress Hills,Brooklyn
East New York,Brooklyn
Highland Park,Brooklyn
New Lots,Brooklyn
Starrett City,Brooklyn
Carroll Gardens,Brooklyn
Cobble Hill,Brooklyn
Gowanus,Brooklyn
Park Slope,Brooklyn
Red Hook,Brooklyn
Greenwood Heights,Brooklyn
Sunset Park,Brooklyn
Windsor Terrace,Brooklyn
Crown Heights,Brooklyn
Prospect Heights,Brooklyn
Weeksville,Brooklyn
Prospect Lefferts Gardens,Brooklyn
Wingate,Brooklyn
Bay Ridge,Brooklyn
Dyker Heights,Brooklyn
Fort Hamilton,Brooklyn
Bath Beach,Brooklyn
Bensonhurst,Brooklyn
Gravesend,Brooklyn
Mapleton,Brooklyn
Borough Park,Brooklyn
Kensington,Brooklyn
Midwood,Brooklyn
Ocean Parkway,Brooklyn
Brighton Beach,Brooklyn
Coney Island,Brooklyn
Sea Gate,Brooklyn
Flatbush,Brooklyn
Midwood,Brooklyn
East Gravesend,Brooklyn
Gerritsen Beach,Brooklyn
Homecrest,Brooklyn
Kings Bay,Brooklyn
Kings Highway,Brooklyn
Madison,Brooklyn
Manhattan Beach,Brooklyn
Plum Beach,Brooklyn
Sheepshead Bay,Brooklyn
Brownsville,Brooklyn
Ocean Hill,Brooklyn
Ditmas Village,Brooklyn
East Flatbush,Brooklyn
Erasmus,Brooklyn
Farragut,Brooklyn
Remsen Village,Brooklyn
Rugby,Brooklyn
Bergen Beach,Brooklyn
Canarsie,Brooklyn
Flatlands,Brooklyn
Georgetown,Brooklyn
Marine Park,Brooklyn
Mill Basin,Brooklyn
Mill Island,Brooklyn
Battery Park City,Manhattan
Financial District,Manhattan
TriBeCa,Manhattan
Chinatown,Manhattan
Greenwich Village,Manhattan
Little Italy,Manhattan
Lower East Side,Manhattan
NoHo,Manhattan
SoHo,Manhattan
West Village,Manhattan
Alphabet City,Manhattan
Chinatown,Manhattan
East Village,Manhattan
Lower East Side,Manhattan
Two Bridges,Manhattan
ChelseaClinton,Manhattan
Midtown,Manhattan
Gramercy Park,Manhattan
Kips Bay,Manhattan
Murray Hill,Manhattan
Peter Cooper Village,Manhattan
Stuyvesant Town,Manhattan
Sutton Place,Manhattan
Tudor City,Manhattan
Turtle Bay,Manhattan
Waterside Plaza,Manhattan
Lincoln Square,Manhattan
Manhattan Valley,Manhattan
Upper West Side,Manhattan
Lenox Hill,Manhattan
Roosevelt Island,Manhattan
Upper East Side,Manhattan
Yorkville,Manhattan
Hamilton Heights,Manhattan
Manhattanville,Manhattan
Morningside Heights,Manhattan
Harlem,Manhattan
Polo Grounds,Manhattan
East Harlem,Manhattan
Randall’s Island,Manhattan
Spanish Harlem,Manhattan
Wards Island,Manhattan
Inwood,Manhattan
Washington Heights,Manhattan
Astoria,Queens
Ditmars,Queens
Garden Bay,Queens
Long Island City,Queens
Old Astoria,Queens
Queensbridge,Queens
Ravenswood,Queens
Steinway,Queens
Woodside,Queens
Hunters Point,Queens
Sunnyside,Queens
Woodside,Queens
East Elmhurst,Queens
Jackson Heights,Queens
North Corona,Queens
Corona,Queens
Elmhurst,Queens
Roosevelt Avenue,Queens
Fresh Pond,Queens
Glendale,Queens
Maspeth,Queens
Middle Village,Queens
Liberty Park,Queens
Ridgewood,Queens
Forest Hills,Queens
Rego Park,Queens
Bay Terrace,Queens
Beechhurst,Queens
College Point,Queens
Flushing,Queens
Linden Hill,Queens
Malba,Queens
Queensboro Hill,Queens
Whitestone,Queens
Willets Point,Queens
Briarwood,Queens
Cunningham Heights,Queens
Flushing South,Queens
Fresh Meadows,Queens
Hilltop Village,Queens
Holliswood,Queens
Jamaica Estates,Queens
Kew Gardens Hills,Queens
Pomonok Houses,Queens
Utopia,Queens
Kew Gardens,Queens
Ozone Park,Queens
Richmond Hill,Queens
Woodhaven,Queens
Howard Beach,Queens
Lindenwood,Queens
Richmond Hill,Queens
South Ozone Park,Queens
Tudor Village,Queens
Auburndale,Queens
Bayside,Queens
Douglaston,Queens
East Flushing,Queens
Hollis Hills,Queens
Little Neck,Queens
Oakland Gardens,Queens
Baisley Park,Queens
Jamaica,Queens
Hollis,Queens
Rochdale Village,Queens
St. Albans,Queens
South Jamaica,Queens
Springfield Gardens,Queens
Bellerose,Queens
Brookville,Queens
Cambria Heights,Queens
Floral Park,Queens
Glen Oaks,Queens
Laurelton,Queens
Meadowmere,Queens
New Hyde Park,Queens
Queens Village,Queens
Rosedale,Queens
Arverne,Queens
Bayswater,Queens
Belle Harbor,Queens
Breezy Point,Queens
Edgemere,Queens
Far Rockaway,Queens
Neponsit,Queens
Rockaway Park,Queens
Arlington,Staten Island
Castleton Corners,Staten Island
Clifton,Staten Island
Concord,Staten Island
Elm Park,Staten Island
Fort Wadsworth,Staten Island
Graniteville,Staten Island
Grymes Hill,Staten Island
Livingston,Staten Island
Mariners Harbor,Staten Island
Meiers Corners,Staten Island
New Brighton,Staten Island
Port Ivory,Staten Island
Port Richmond,Staten Island
Randall Manor,Staten Island
Rosebank,Staten Island
St. George,Staten Island
Shore Acres,Staten Island
Silver Lake,Staten Island
Stapleton,Staten Island
Sunnyside,Staten Island
Tompkinsville,Staten Island
West Brighton,Staten Island
Westerleigh,Staten Island
Arrochar,Staten Island
Bloomfield,Staten Island
Bulls Head,Staten Island
Chelsea,Staten Island
Dongan Hills,Staten Island
Egbertville,Staten Island
Emerson Hill,Staten Island
Grant City,Staten Island
Grasmere,Staten Island
Midland Beach,Staten Island
New Dorp,Staten Island
New Springville,Staten Island
Oakwood,Staten Island
Ocean Breeze,Staten Island
Old Town,Staten Island
South Beach,Staten Island
Todt Hill,Staten Island
Travis,Staten Island
Annadale,Staten Island
Arden Heights,Staten Island
Bay Terrace,Staten Island
Charleston,Staten Island
Eltingville,Staten Island
Great Kills,Staten Island
Greenridge,Staten Island
Huguenot,Staten Island
Pleasant Plains,Staten Island
Prince’s Bay,Staten Island
Richmond Valley,Staten Island
Rossville,Staten Island
Tottenville,Staten Island
Woodrow,Staten Island
10451,Bronx
10452,Bronx
10453,Bronx
10454,Bronx
10455,Bronx
10456,Bronx
10457,Bronx
10458,Bronx
10459,Bronx
10460,Bronx
10461,Bronx
10462,Bronx
10463,Bronx
10464,Bronx
10465,Bronx
10466,Bronx
10467,Bronx
10468,Bronx
10469,Bronx
10470,Bronx
10471,Bronx
10472,Bronx
10473,Bronx
10474,Bronx
10475,Bronx
11201,Brooklyn
11203,Brooklyn
11204,Brooklyn
11205,Brooklyn
11206,Brooklyn
11207,Brooklyn
11208,Brooklyn
11209,Brooklyn
11210,Brooklyn
11211,Brooklyn
11212,Brooklyn
11213,Brooklyn
11214,Brooklyn
11215,Brooklyn
11216,Brooklyn
11217,Brooklyn
11218,Brooklyn
11219,Brooklyn
11220,Brooklyn
11221,Brooklyn
11222,Brooklyn
11223,Brooklyn
11224,Brooklyn
11225,Brooklyn
11226,Brooklyn
11228,Brooklyn
11229,Brooklyn
11230,Brooklyn
11231,Brooklyn
11232,Brooklyn
11233,Brooklyn
11234,Brooklyn
11235,Brooklyn
11236,Brooklyn
11237,Brooklyn
11238,Brooklyn
11239,Brooklyn
11241,Brooklyn
11242,Brooklyn
11243,Brooklyn
11249,Brooklyn
11252,Brooklyn
11256,Brooklyn
10001,Manhattan
10002,Manhattan
10003,Manhattan
10004,Manhattan
10005,Manhattan
10006,Manhattan
10007,Manhattan
10009,Manhattan
10010,Manhattan
10011,Manhattan
10012,Manhattan
10013,Manhattan
10014,Manhattan
10015,Manhattan
10016,Manhattan
10017,Manhattan
10018,Manhattan
10019,Manhattan
10020,Manhattan
10021,Manhattan
10022,Manhattan
10023,Manhattan
10024,Manhattan
10025,Manhattan
10026,Manhattan
10027,Manhattan
10028,Manhattan
10029,Manhattan
10030,Manhattan
10031,Manhattan
10032,Manhattan
10033,Manhattan
10034,Manhattan
10035,Manhattan
10036,Manhattan
10037,Manhattan
10038,Manhattan
10039,Manhattan
10040,Manhattan
10041,Manhattan
10044,Manhattan
10045,Manhattan
10048,Manhattan
10055,Manhattan
10060,Manhattan
10069,Manhattan
10090,Manhattan
10095,Manhattan
10098,Manhattan
10099,Manhattan
10103,Manhattan
10104,Manhattan
10105,Manhattan
10106,Manhattan
10107,Manhattan
10110,Manhattan
10111,Manhattan
10112,Manhattan
10115,Manhattan
10118,Manhattan
10119,Manhattan
10120,Manhattan
10121,Manhattan
10122,Manhattan
10123,Manhattan
10128,Manhattan
10151,Manhattan
10152,Manhattan
10153,Manhattan
10154,Manhattan
10155,Manhattan
10158,Manhattan
10161,Manhattan
10162,Manhattan
10165,Manhattan
10166,Manhattan
10167,Manhattan
10168,Manhattan
10169,Manhattan
10170,Manhattan
10171,Manhattan
10172,Manhattan
10173,Manhattan
10174,Manhattan
10175,Manhattan
10176,Manhattan
10177,Manhattan
10178,Manhattan
10199,Manhattan
10270,Manhattan
10271,Manhattan
10278,Manhattan
10279,Manhattan
10280,Manhattan
10281,Manhattan
10282,Manhattan
11101,Queens
11102,Queens
11103,Queens
11004,Queens
11104,Queens
11105,Queens
11106,Queens
11109,Queens
11351,Queens
11354,Queens
11355,Queens
11356,Queens
11357,Queens
11358,Queens
11359,Queens
11360,Queens
11361,Queens
11362,Queens
11363,Queens
11364,Queens
11365,Queens
11366,Queens
11367,Queens
11368,Queens
11369,Queens
11370,Queens
11371,Queens
11372,Queens
11373,Queens
11374,Queens
11375,Queens
11377,Queens
11378,Queens
11379,Queens
11385,Queens
11411,Queens
11412,Queens
11413,Queens
11414,Queens
11415,Queens
11416,Queens
11417,Queens
11418,Queens
11419,Queens
11420,Queens
11421,Queens
11422,Queens
11423,Queens
11426,Queens
11427,Queens
11428,Queens
11429,Queens
11430,Queens
11432,Queens
11433,Queens
11434,Queens
11435,Queens
11436,Queens
11691,Queens
11692,Queens
11693,Queens
11694,Queens
11697,Queens
10301,Staten Island
10302,Staten Island
10303,Staten Island
10304,Staten Island
10305,Staten Island
10306,Staten Island
10307,Staten Island
10308,Staten Island
10309,Staten Island
10310,Staten Island
10311,Staten Island
10312,Staten Island
10314,Staten Island
